{"colors":[{"value":"#736322","coordinates":{"x":588,"y":795}},{"value":"#8860AE","coordinates":{"x":79,"y":514}},{"value":"#06BB80","coordinates":{"x":206,"y":619}},{"value":"#F7AEF0","coordinates":{"x":956,"y":352}},{"value":"#0F3D88","coordinates":{"x":638,"y":738}},{"value":"#9E1E50","coordinates":{"x":328,"y":315}},{"value":"#680122","coordinates":{"x":741,"y":126}},{"value":"#C54166","coordinates":{"x":881,"y":567}},{"value":"#CC0A2E","coordinates":{"x":528,"y":615}},{"value":"#2BC918","coordinates":{"x":904,"y":345}},{"value":"#B07784","coordinates":{"x":104,"y":569}},{"value":"#609345","coordinates":{"x":577,"y":424}},{"value":"#E3EA1A","coordinates":{"x":657,"y":153}},{"value":"#4B3E3E","coordinates":{"x":801,"y":415}},{"value":"#A77C90","coordinates":{"x":105,"y":999}},{"value":"#E687DE","coordinates":{"x":706,"y":762}},{"value":"#B7830D","coordinates":{"x":864,"y":840}},{"value":"#97088E","coordinates":{"x":223,"y":444}},{"value":"#690C4C","coordinates":{"x":110,"y":283}},{"value":"#D473EC","coordinates":{"x":117,"y":641}},{"value":"#1129DA","coordinates":{"x":629,"y":593}},{"value":"#F142E4","coordinates":{"x":641,"y":975}},{"value":"#9B9E51","coordinates":{"x":213,"y":906}},{"value":"#7BB271","coordinates":{"x":245,"y":776}},{"value":"#E2E5A3","coordinates":{"x":35,"y":201}},{"value":"#2D51FC","coordinates":{"x":310,"y":650}},{"value":"#F2EAF6","coordinates":{"x":135,"y":379}},{"value":"#9565FA","coordinates":{"x":891,"y":249}},{"value":"#C5F4E9","coordinates":{"x":748,"y":488}},{"value":"#9A33EC","coordinates":{"x":318,"y":936}},{"value":"#145C1A","coordinates":{"x":831,"y":818}},{"value":"#2F1148","coordinates":{"x":130,"y":791}},{"value":"#462441","coordinates":{"x":514,"y":364}},{"value":"#C5B1D2","coordinates":{"x":785,"y":158}},{"value":"#5ADCAF","coordinates":{"x":418,"y":103}},{"value":"#B4CAC9","coordinates":{"x":804,"y":601}},{"value":"#39E787","coordinates":{"x":797,"y":321}},{"value":"#9618F6","coordinates":{"x":785,"y":585}},{"value":"#A14C48","coordinates":{"x":841,"y":646}},{"value":"#B66C31","coordinates":{"x":404,"y":639}},{"value":"#812636","coordinates":{"x":580,"y":971}},{"value":"#D7DBAA","coordinates":{"x":553,"y":263}},{"value":"#4D7BDD","coordinates":{"x":307,"y":134}},{"value":"#9D722C","coordinates":{"x":314,"y":87}},{"value":"#28D2E3","coordinates":{"x":913,"y":139}},{"value":"#27736C","coordinates":{"x":766,"y":376}},{"value":"#AF5257","coordinates":{"x":613,"y":579}},{"value":"#2E7FA4","coordinates":{"x":114,"y":323}},{"value":"#B977B2","coordinates":{"x":422,"y":752}},{"value":"#2D3073","coordinates":{"x":572,"y":75}},{"value":"#4101E8","coordinates":{"x":169,"y":392}},{"value":"#AE3238","coordinates":{"x":263,"y":490}},{"value":"#DE5166","coordinates":{"x":387,"y":510}},{"value":"#B3EEBC","coordinates":{"x":367,"y":962}},{"value":"#B99C07","coordinates":{"x":985,"y":586}},{"value":"#988FD9","coordinates":{"x":469,"y":586}},{"value":"#78AE21","coordinates":{"x":855,"y":34}},{"value":"#1A7EE4","coordinates":{"x":584,"y":752}},{"value":"#17F694","coordinates":{"x":450,"y":917}},{"value":"#A323E5","coordinates":{"x":382,"y":718}},{"value":"#62DAC1","coordinates":{"x":855,"y":371}},{"value":"#D0AE17","coordinates":{"x":892,"y":789}},{"value":"#A49B0F","coordinates":{"x":145,"y":623}},{"value":"#C8D22E","coordinates":{"x":176,"y":721}},{"value":"#1736B1","coordinates":{"x":905,"y":260}},{"value":"#6F92D1","coordinates":{"x":149,"y":152}},{"value":"#2B4E72","coordinates":{"x":475,"y":651}},{"value":"#69C1DF","coordinates":{"x":231,"y":868}},{"value":"#9D8F51","coordinates":{"x":375,"y":732}},{"value":"#2A434D","coordinates":{"x":120,"y":360}},{"value":"#664789","coordinates":{"x":433,"y":865}},{"value":"#2BB1AA","coordinates":{"x":68,"y":11}},{"value":"#C4DD06","coordinates":{"x":359,"y":175}},{"value":"#2DFF30","coordinates":{"x":5,"y":715}},{"value":"#4D1EEE","coordinates":{"x":644,"y":658}},{"value":"#A59E63","coordinates":{"x":73,"y":991}},{"value":"#C950F6","coordinates":{"x":682,"y":168}},{"value":"#6AF530","coordinates":{"x":326,"y":559}},{"value":"#A4DA27","coordinates":{"x":259,"y":100}},{"value":"#49DB7B","coordinates":{"x":790,"y":896}},{"value":"#7F0D19","coordinates":{"x":644,"y":916}},{"value":"#5CC13C","coordinates":{"x":272,"y":103}},{"value":"#FB78A4","coordinates":{"x":752,"y":67}},{"value":"#ED9932","coordinates":{"x":941,"y":688}},{"value":"#1F9070","coordinates":{"x":132,"y":651}},{"value":"#E40359","coordinates":{"x":170,"y":214}},{"value":"#6C8163","coordinates":{"x":388,"y":143}},{"value":"#0ADBF5","coordinates":{"x":752,"y":689}},{"value":"#482E1D","coordinates":{"x":786,"y":560}},{"value":"#405289","coordinates":{"x":463,"y":448}},{"value":"#F39DB9","coordinates":{"x":361,"y":161}},{"value":"#6E3941","coordinates":{"x":590,"y":396}},{"value":"#7A1D83","coordinates":{"x":526,"y":939}},{"value":"#F580E5","coordinates":{"x":479,"y":509}},{"value":"#A18838","coordinates":{"x":736,"y":754}},{"value":"#9F3225","coordinates":{"x":33,"y":409}},{"value":"#134670","coordinates":{"x":368,"y":337}},{"value":"#A08F01","coordinates":{"x":395,"y":501}},{"value":"#9EBE5C","coordinates":{"x":668,"y":181}},{"value":"#B7D1D4","coordinates":{"x":510,"y":293}},{"value":"#2AC324","coordinates":{"x":885,"y":52}},{"value":"#1D744D","coordinates":{"x":260,"y":902}},{"value":"#6FADC6","coordinates":{"x":97,"y":505}},{"value":"#2809EE","coordinates":{"x":988,"y":28}},{"value":"#EFD288","coordinates":{"x":441,"y":734}},{"value":"#4410F9","coordinates":{"x":773,"y":81}},{"value":"#B47DB2","coordinates":{"x":328,"y":302}},{"value":"#55A86C","coordinates":{"x":996,"y":3}},{"value":"#71E445","coordinates":{"x":452,"y":148}},{"value":"#5CCF7F","coordinates":{"x":266,"y":555}},{"value":"#F4B5BA","coordinates":{"x":235,"y":952}},{"value":"#8AB73A","coordinates":{"x":241,"y":126}},{"value":"#AAFD56","coordinates":{"x":756,"y":35}},{"value":"#2DCFBC","coordinates":{"x":309,"y":94}},{"value":"#432184","coordinates":{"x":372,"y":907}},{"value":"#F79683","coordinates":{"x":710,"y":699}},{"value":"#EC9D99","coordinates":{"x":177,"y":201}},{"value":"#4B0532","coordinates":{"x":792,"y":15}},{"value":"#5BA6E1","coordinates":{"x":752,"y":78}},{"value":"#D09EB2","coordinates":{"x":237,"y":993}},{"value":"#87673A","coordinates":{"x":210,"y":561}},{"value":"#EB905F","coordinates":{"x":268,"y":538}},{"value":"#E24C30","coordinates":{"x":155,"y":574}},{"value":"#045FCB","coordinates":{"x":597,"y":880}},{"value":"#D50528","coordinates":{"x":204,"y":887}},{"value":"#4EBFF6","coordinates":{"x":504,"y":433}},{"value":"#057794","coordinates":{"x":808,"y":772}},{"value":"#9D0B17","coordinates":{"x":203,"y":662}},{"value":"#1A4BD7","coordinates":{"x":767,"y":668}},{"value":"#ED494B","coordinates":{"x":716,"y":260}},{"value":"#CA3C28","coordinates":{"x":13,"y":855}},{"value":"#58C926","coordinates":{"x":733,"y":646}},{"value":"#473E14","coordinates":{"x":754,"y":703}},{"value":"#874716","coordinates":{"x":330,"y":642}},{"value":"#818B19","coordinates":{"x":968,"y":48}},{"value":"#D36DC0","coordinates":{"x":990,"y":223}},{"value":"#F77F45","coordinates":{"x":390,"y":876}},{"value":"#EE6898","coordinates":{"x":612,"y":681}},{"value":"#59A2CA","coordinates":{"x":277,"y":702}},{"value":"#E0F9F8","coordinates":{"x":234,"y":884}},{"value":"#928CA2","coordinates":{"x":124,"y":810}},{"value":"#FB3B1E","coordinates":{"x":879,"y":227}},{"value":"#64AFC2","coordinates":{"x":941,"y":522}},{"value":"#4A86DE","coordinates":{"x":78,"y":699}},{"value":"#AD6CE1","coordinates":{"x":312,"y":635}},{"value":"#B567A7","coordinates":{"x":162,"y":498}},{"value":"#920585","coordinates":{"x":319,"y":845}},{"value":"#3895AA","coordinates":{"x":93,"y":949}},{"value":"#ADD9F4","coordinates":{"x":985,"y":621}},{"value":"#63F5C9","coordinates":{"x":608,"y":652}},{"value":"#FECAD1","coordinates":{"x":926,"y":750}},{"value":"#024A3E","coordinates":{"x":356,"y":618}},{"value":"#042D5D","coordinates":{"x":12,"y":821}},{"value":"#3DD8EE","coordinates":{"x":638,"y":445}},{"value":"#33E1E8","coordinates":{"x":793,"y":228}},{"value":"#73AD78","coordinates":{"x":903,"y":506}},{"value":"#6384B7","coordinates":{"x":421,"y":672}},{"value":"#64F84C","coordinates":{"x":899,"y":405}},{"value":"#7E7024","coordinates":{"x":261,"y":545}},{"value":"#B8C97E","coordinates":{"x":678,"y":101}},{"value":"#33DF8E","coordinates":{"x":48,"y":929}},{"value":"#3222A2","coordinates":{"x":123,"y":83}},{"value":"#CE47E0","coordinates":{"x":62,"y":862}},{"value":"#EF6092","coordinates":{"x":7,"y":29}},{"value":"#A9F8D2","coordinates":{"x":936,"y":236}},{"value":"#9C465C","coordinates":{"x":508,"y":189}},{"value":"#0913E4","coordinates":{"x":909,"y":843}},{"value":"#9F50B0","coordinates":{"x":17,"y":231}},{"value":"#C0FEB4","coordinates":{"x":335,"y":425}},{"value":"#61A98F","coordinates":{"x":300,"y":679}},{"value":"#16DC65","coordinates":{"x":292,"y":745}},{"value":"#49A7AF","coordinates":{"x":502,"y":183}},{"value":"#7F0B07","coordinates":{"x":839,"y":215}},{"value":"#639BCE","coordinates":{"x":517,"y":693}},{"value":"#749506","coordinates":{"x":583,"y":102}},{"value":"#2C2C0D","coordinates":{"x":842,"y":940}},{"value":"#644131","coordinates":{"x":906,"y":499}},{"value":"#F0E3CD","coordinates":{"x":661,"y":175}},{"value":"#5A87CD","coordinates":{"x":130,"y":420}},{"value":"#0193BA","coordinates":{"x":313,"y":382}},{"value":"#DC7A1F","coordinates":{"x":474,"y":629}},{"value":"#C9DAA9","coordinates":{"x":858,"y":669}},{"value":"#00122E","coordinates":{"x":597,"y":703}},{"value":"#6C2156","coordinates":{"x":712,"y":487}},{"value":"#0EEF38","coordinates":{"x":852,"y":628}},{"value":"#36F889","coordinates":{"x":592,"y":552}},{"value":"#361FC2","coordinates":{"x":63,"y":393}},{"value":"#C3C561","coordinates":{"x":339,"y":238}},{"value":"#DDB857","coordinates":{"x":854,"y":814}},{"value":"#1E661F","coordinates":{"x":340,"y":232}},{"value":"#A5FC0D","coordinates":{"x":511,"y":480}},{"value":"#C018CC","coordinates":{"x":962,"y":512}},{"value":"#3E418C","coordinates":{"x":620,"y":810}},{"value":"#AD39A0","coordinates":{"x":701,"y":543}},{"value":"#984542","coordinates":{"x":191,"y":331}},{"value":"#01D8F3","coordinates":{"x":60,"y":458}},{"value":"#B68439","coordinates":{"x":940,"y":49}},{"value":"#259070","coordinates":{"x":387,"y":436}},{"value":"#324097","coordinates":{"x":158,"y":480}},{"value":"#5EB0DD","coordinates":{"x":928,"y":491}},{"value":"#796756","coordinates":{"x":550,"y":95}},{"value":"#D7169F","coordinates":{"x":409,"y":644}},{"value":"#DCAC7F","coordinates":{"x":906,"y":460}},{"value":"#FFCFD5","coordinates":{"x":209,"y":189}},{"value":"#4BFF2C","coordinates":{"x":423,"y":541}},{"value":"#1600B8","coordinates":{"x":915,"y":85}},{"value":"#49434A","coordinates":{"x":473,"y":144}},{"value":"#64D791","coordinates":{"x":248,"y":866}},{"value":"#11AA14","coordinates":{"x":292,"y":240}},{"value":"#394D9E","coordinates":{"x":919,"y":44}},{"value":"#B64639","coordinates":{"x":831,"y":334}},{"value":"#2B353D","coordinates":{"x":853,"y":981}},{"value":"#C331C5","coordinates":{"x":411,"y":435}},{"value":"#FD96E2","coordinates":{"x":242,"y":206}},{"value":"#BF5A2D","coordinates":{"x":844,"y":138}},{"value":"#6DE007","coordinates":{"x":146,"y":94}},{"value":"#8F2822","coordinates":{"x":523,"y":260}},{"value":"#87F49B","coordinates":{"x":438,"y":564}},{"value":"#6030FB","coordinates":{"x":431,"y":30}},{"value":"#CF9E6B","coordinates":{"x":605,"y":587}},{"value":"#4EEA56","coordinates":{"x":438,"y":728}},{"value":"#D24425","coordinates":{"x":61,"y":362}},{"value":"#26E7E1","coordinates":{"x":736,"y":239}},{"value":"#9E4882","coordinates":{"x":328,"y":702}},{"value":"#8B3810","coordinates":{"x":171,"y":359}},{"value":"#C4B62B","coordinates":{"x":369,"y":666}},{"value":"#865AE3","coordinates":{"x":236,"y":940}},{"value":"#82F546","coordinates":{"x":572,"y":611}},{"value":"#95AD5B","coordinates":{"x":441,"y":842}},{"value":"#E02B71","coordinates":{"x":735,"y":430}},{"value":"#CB79C0","coordinates":{"x":87,"y":759}},{"value":"#296892","coordinates":{"x":861,"y":973}},{"value":"#38D80F","coordinates":{"x":277,"y":185}},{"value":"#1957CD","coordinates":{"x":546,"y":535}},{"value":"#E37A0A","coordinates":{"x":891,"y":176}},{"value":"#7579E0","coordinates":{"x":324,"y":544}},{"value":"#A74559","coordinates":{"x":502,"y":480}},{"value":"#4AE31D","coordinates":{"x":762,"y":133}},{"value":"#EBBC57","coordinates":{"x":634,"y":58}},{"value":"#487314","coordinates":{"x":646,"y":318}},{"value":"#7E6683","coordinates":{"x":805,"y":680}},{"value":"#8AD229","coordinates":{"x":694,"y":996}},{"value":"#2A0614","coordinates":{"x":820,"y":866}},{"value":"#2FF5D0","coordinates":{"x":50,"y":264}},{"value":"#461531","coordinates":{"x":241,"y":7}},{"value":"#591238","coordinates":{"x":577,"y":418}},{"value":"#C3AD26","coordinates":{"x":599,"y":512}},{"value":"#D00AFE","coordinates":{"x":495,"y":948}},{"value":"#E94209","coordinates":{"x":250,"y":425}},{"value":"#8DE357","coordinates":{"x":466,"y":499}},{"value":"#E27BC0","coordinates":{"x":322,"y":530}},{"value":"#8A9181","coordinates":{"x":951,"y":618}},{"value":"#383F30","coordinates":{"x":424,"y":24}},{"value":"#29B954","coordinates":{"x":174,"y":579}},{"value":"#2F5BAD","coordinates":{"x":216,"y":879}},{"value":"#39F4EB","coordinates":{"x":870,"y":447}},{"value":"#44CEA3","coordinates":{"x":475,"y":183}},{"value":"#A1F941","coordinates":{"x":302,"y":493}},{"value":"#56A739","coordinates":{"x":726,"y":44}},{"value":"#E50CCC","coordinates":{"x":420,"y":371}},{"value":"#640676","coordinates":{"x":975,"y":586}},{"value":"#1B8867","coordinates":{"x":41,"y":732}},{"value":"#D22274","coordinates":{"x":899,"y":519}},{"value":"#609E24","coordinates":{"x":842,"y":181}},{"value":"#4CD317","coordinates":{"x":314,"y":944}},{"value":"#B1E114","coordinates":{"x":230,"y":369}},{"value":"#05E492","coordinates":{"x":46,"y":899}},{"value":"#571843","coordinates":{"x":106,"y":799}},{"value":"#3AEB47","coordinates":{"x":727,"y":413}},{"value":"#473A83","coordinates":{"x":588,"y":299}},{"value":"#82F6E1","coordinates":{"x":712,"y":70}},{"value":"#AED40B","coordinates":{"x":481,"y":970}},{"value":"#2AF088","coordinates":{"x":314,"y":444}},{"value":"#E5214A","coordinates":{"x":154,"y":667}},{"value":"#B61B16","coordinates":{"x":455,"y":105}},{"value":"#D31F06","coordinates":{"x":601,"y":797}},{"value":"#051BAA","coordinates":{"x":362,"y":0}},{"value":"#A10E7C","coordinates":{"x":130,"y":752}},{"value":"#4316E0","coordinates":{"x":955,"y":783}},{"value":"#E72D1D","coordinates":{"x":169,"y":616}},{"value":"#9DBFF4","coordinates":{"x":164,"y":677}},{"value":"#0042A9","coordinates":{"x":21,"y":465}},{"value":"#71E99C","coordinates":{"x":793,"y":839}},{"value":"#1EA0F5","coordinates":{"x":296,"y":670}},{"value":"#C44D60","coordinates":{"x":128,"y":459}},{"value":"#48D9EF","coordinates":{"x":9,"y":493}},{"value":"#913D25","coordinates":{"x":17,"y":829}},{"value":"#AE10B6","coordinates":{"x":795,"y":582}},{"value":"#A45CA0","coordinates":{"x":514,"y":125}},{"value":"#D3650C","coordinates":{"x":104,"y":641}},{"value":"#9BD4A8","coordinates":{"x":449,"y":819}},{"value":"#67D850","coordinates":{"x":901,"y":348}},{"value":"#7DD887","coordinates":{"x":535,"y":657}},{"value":"#2A1042","coordinates":{"x":141,"y":470}},{"value":"#123032","coordinates":{"x":560,"y":748}},{"value":"#11204D","coordinates":{"x":590,"y":319}},{"value":"#FBABB8","coordinates":{"x":157,"y":704}},{"value":"#08AD17","coordinates":{"x":730,"y":798}},{"value":"#63512E","coordinates":{"x":145,"y":152}},{"value":"#6277B1","coordinates":{"x":370,"y":470}},{"value":"#580E73","coordinates":{"x":94,"y":144}},{"value":"#823843","coordinates":{"x":437,"y":665}},{"value":"#7A24E0","coordinates":{"x":924,"y":191}},{"value":"#00BC4B","coordinates":{"x":991,"y":29}},{"value":"#F91AFA","coordinates":{"x":215,"y":379}},{"value":"#D7E62F","coordinates":{"x":178,"y":481}},{"value":"#8EF719","coordinates":{"x":631,"y":328}},{"value":"#0B171A","coordinates":{"x":584,"y":738}},{"value":"#2DCBDD","coordinates":{"x":540,"y":111}},{"value":"#C16240","coordinates":{"x":970,"y":240}},{"value":"#53C64B","coordinates":{"x":831,"y":446}},{"value":"#D37CA7","coordinates":{"x":920,"y":421}},{"value":"#6AF7CB","coordinates":{"x":561,"y":673}},{"value":"#072E4F","coordinates":{"x":985,"y":901}},{"value":"#7377B3","coordinates":{"x":381,"y":562}},{"value":"#C8A5C2","coordinates":{"x":808,"y":51}},{"value":"#50DCD6","coordinates":{"x":169,"y":770}},{"value":"#32B312","coordinates":{"x":468,"y":861}},{"value":"#2A5E77","coordinates":{"x":718,"y":56}},{"value":"#9B4B89","coordinates":{"x":871,"y":429}},{"value":"#4C46C2","coordinates":{"x":750,"y":541}},{"value":"#0802A3","coordinates":{"x":606,"y":550}},{"value":"#D3277A","coordinates":{"x":794,"y":660}},{"value":"#63FE09","coordinates":{"x":900,"y":66}},{"value":"#5D7884","coordinates":{"x":293,"y":288}},{"value":"#1C677E","coordinates":{"x":356,"y":688}},{"value":"#A1C4F2","coordinates":{"x":168,"y":801}},{"value":"#67E673","coordinates":{"x":699,"y":278}},{"value":"#9A4CE0","coordinates":{"x":181,"y":539}},{"value":"#5B8AB4","coordinates":{"x":522,"y":924}},{"value":"#78FDF6","coordinates":{"x":378,"y":628}},{"value":"#E53F8F","coordinates":{"x":982,"y":415}},{"value":"#53384D","coordinates":{"x":151,"y":226}},{"value":"#F70960","coordinates":{"x":532,"y":462}},{"value":"#E8B1FD","coordinates":{"x":648,"y":779}},{"value":"#A08CEB","coordinates":{"x":743,"y":569}},{"value":"#023D85","coordinates":{"x":560,"y":408}},{"value":"#208016","coordinates":{"x":501,"y":832}},{"value":"#75FC73","coordinates":{"x":153,"y":54}},{"value":"#E79D18","coordinates":{"x":779,"y":921}},{"value":"#5F2B16","coordinates":{"x":281,"y":224}},{"value":"#FB4875","coordinates":{"x":894,"y":794}},{"value":"#DB431B","coordinates":{"x":938,"y":998}},{"value":"#54CE55","coordinates":{"x":714,"y":596}},{"value":"#1B1C0A","coordinates":{"x":837,"y":57}},{"value":"#E12219","coordinates":{"x":942,"y":411}},{"value":"#0CB77B","coordinates":{"x":99,"y":307}},{"value":"#AA8CB6","coordinates":{"x":774,"y":728}},{"value":"#51705E","coordinates":{"x":216,"y":584}},{"value":"#B0CA2D","coordinates":{"x":89,"y":411}},{"value":"#44D630","coordinates":{"x":632,"y":509}},{"value":"#3B3A65","coordinates":{"x":842,"y":381}},{"value":"#486E45","coordinates":{"x":114,"y":946}},{"value":"#9438B0","coordinates":{"x":606,"y":905}},{"value":"#069841","coordinates":{"x":666,"y":924}},{"value":"#02E2D2","coordinates":{"x":691,"y":524}},{"value":"#6CCD2B","coordinates":{"x":365,"y":713}},{"value":"#AF3BFA","coordinates":{"x":821,"y":399}},{"value":"#7F5E76","coordinates":{"x":544,"y":569}},{"value":"#88C387","coordinates":{"x":737,"y":68}},{"value":"#975147","coordinates":{"x":271,"y":82}},{"value":"#7DE7B1","coordinates":{"x":519,"y":812}},{"value":"#18DAF3","coordinates":{"x":847,"y":950}},{"value":"#0B9581","coordinates":{"x":245,"y":593}},{"value":"#4CA319","coordinates":{"x":358,"y":963}},{"value":"#E47F0E","coordinates":{"x":601,"y":848}},{"value":"#DCF5C9","coordinates":{"x":704,"y":308}},{"value":"#FED888","coordinates":{"x":122,"y":43}},{"value":"#4E3919","coordinates":{"x":495,"y":217}},{"value":"#DDEE13","coordinates":{"x":716,"y":982}},{"value":"#7C0E68","coordinates":{"x":992,"y":479}},{"value":"#21FAA7","coordinates":{"x":678,"y":295}},{"value":"#EC8595","coordinates":{"x":575,"y":589}},{"value":"#A0E801","coordinates":{"x":233,"y":160}},{"value":"#70A4A3","coordinates":{"x":335,"y":460}},{"value":"#7B0449","coordinates":{"x":578,"y":556}},{"value":"#A0963D","coordinates":{"x":973,"y":925}},{"value":"#C1E16C","coordinates":{"x":33,"y":255}},{"value":"#B80699","coordinates":{"x":399,"y":674}},{"value":"#A470EC","coordinates":{"x":154,"y":419}},{"value":"#3653B1","coordinates":{"x":210,"y":470}},{"value":"#6240FD","coordinates":{"x":414,"y":866}},{"value":"#CBD104","coordinates":{"x":214,"y":419}},{"value":"#D006E8","coordinates":{"x":910,"y":41}},{"value":"#02C129","coordinates":{"x":900,"y":236}},{"value":"#151933","coordinates":{"x":744,"y":616}},{"value":"#7CAAA7","coordinates":{"x":192,"y":821}},{"value":"#6F4221","coordinates":{"x":250,"y":790}},{"value":"#C94302","coordinates":{"x":283,"y":447}},{"value":"#9C531A","coordinates":{"x":415,"y":974}},{"value":"#C7B7F3","coordinates":{"x":349,"y":896}},{"value":"#65ED09","coordinates":{"x":769,"y":194}},{"value":"#BEC07A","coordinates":{"x":45,"y":484}},{"value":"#D15437","coordinates":{"x":28,"y":367}},{"value":"#1F03BE","coordinates":{"x":188,"y":974}},{"value":"#37F009","coordinates":{"x":960,"y":204}},{"value":"#B45339","coordinates":{"x":995,"y":629}},{"value":"#98E94A","coordinates":{"x":864,"y":200}},{"value":"#A863DF","coordinates":{"x":873,"y":892}},{"value":"#461BE6","coordinates":{"x":112,"y":313}},{"value":"#6B7ABD","coordinates":{"x":841,"y":308}},{"value":"#B673B6","coordinates":{"x":122,"y":18}},{"value":"#C895E4","coordinates":{"x":722,"y":863}},{"value":"#1244B1","coordinates":{"x":676,"y":589}},{"value":"#99C163","coordinates":{"x":182,"y":79}},{"value":"#62D7A3","coordinates":{"x":634,"y":805}},{"value":"#03A8FD","coordinates":{"x":593,"y":663}},{"value":"#970491","coordinates":{"x":777,"y":504}},{"value":"#A219C4","coordinates":{"x":546,"y":545}},{"value":"#37671C","coordinates":{"x":571,"y":987}},{"value":"#422F9E","coordinates":{"x":578,"y":903}},{"value":"#17C2E5","coordinates":{"x":789,"y":734}},{"value":"#65150F","coordinates":{"x":848,"y":977}},{"value":"#0B6D6E","coordinates":{"x":971,"y":234}},{"value":"#67F840","coordinates":{"x":13,"y":454}},{"value":"#390A83","coordinates":{"x":694,"y":67}},{"value":"#73E4D0","coordinates":{"x":462,"y":836}},{"value":"#0D671D","coordinates":{"x":491,"y":469}},{"value":"#348431","coordinates":{"x":572,"y":914}},{"value":"#A28372","coordinates":{"x":717,"y":723}},{"value":"#B16543","coordinates":{"x":36,"y":531}},{"value":"#B6C412","coordinates":{"x":112,"y":132}},{"value":"#2D7A12","coordinates":{"x":681,"y":196}},{"value":"#ACFD04","coordinates":{"x":524,"y":975}},{"value":"#2FC698","coordinates":{"x":544,"y":926}},{"value":"#D1DE8E","coordinates":{"x":350,"y":918}},{"value":"#3056D7","coordinates":{"x":807,"y":156}},{"value":"#B59E06","coordinates":{"x":36,"y":525}},{"value":"#78CE88","coordinates":{"x":274,"y":765}},{"value":"#5698D2","coordinates":{"x":168,"y":81}},{"value":"#921AE4","coordinates":{"x":191,"y":646}},{"value":"#AE52B0","coordinates":{"x":0,"y":240}},{"value":"#48D8E5","coordinates":{"x":586,"y":912}},{"value":"#AA0EEB","coordinates":{"x":861,"y":805}},{"value":"#5E2142","coordinates":{"x":561,"y":904}},{"value":"#7B13B9","coordinates":{"x":809,"y":15}},{"value":"#5B355D","coordinates":{"x":772,"y":202}},{"value":"#52D5EB","coordinates":{"x":373,"y":682}},{"value":"#782D5E","coordinates":{"x":743,"y":682}},{"value":"#C23B7A","coordinates":{"x":799,"y":793}},{"value":"#1A2BE6","coordinates":{"x":429,"y":579}},{"value":"#4299C2","coordinates":{"x":462,"y":906}},{"value":"#C0AAB8","coordinates":{"x":500,"y":668}},{"value":"#83C41E","coordinates":{"x":981,"y":578}},{"value":"#CCA7A9","coordinates":{"x":771,"y":697}},{"value":"#FEDE1C","coordinates":{"x":742,"y":175}},{"value":"#49227B","coordinates":{"x":555,"y":797}},{"value":"#49475E","coordinates":{"x":437,"y":80}},{"value":"#0F25CF","coordinates":{"x":970,"y":792}},{"value":"#2FCFC6","coordinates":{"x":145,"y":844}},{"value":"#279960","coordinates":{"x":848,"y":22}},{"value":"#12402A","coordinates":{"x":507,"y":143}},{"value":"#530427","coordinates":{"x":407,"y":802}},{"value":"#CB163E","coordinates":{"x":256,"y":127}},{"value":"#81FAFC","coordinates":{"x":544,"y":804}},{"value":"#8C2666","coordinates":{"x":734,"y":360}},{"value":"#5DECE0","coordinates":{"x":55,"y":8}},{"value":"#64814F","coordinates":{"x":527,"y":828}},{"value":"#CFC4AE","coordinates":{"x":427,"y":868}},{"value":"#A5AA91","coordinates":{"x":336,"y":246}},{"value":"#238122","coordinates":{"x":349,"y":379}},{"value":"#4FDC8C","coordinates":{"x":317,"y":91}},{"value":"#4BD166","coordinates":{"x":386,"y":948}},{"value":"#426003","coordinates":{"x":98,"y":53}},{"value":"#424229","coordinates":{"x":447,"y":136}},{"value":"#E8770D","coordinates":{"x":283,"y":943}},{"value":"#969B5C","coordinates":{"x":797,"y":304}},{"value":"#5CCB07","coordinates":{"x":829,"y":990}},{"value":"#CBE310","coordinates":{"x":372,"y":99}},{"value":"#43BDF6","coordinates":{"x":298,"y":804}},{"value":"#ED0338","coordinates":{"x":860,"y":584}},{"value":"#7BC9BE","coordinates":{"x":376,"y":93}},{"value":"#B5FEC1","coordinates":{"x":359,"y":901}},{"value":"#12F572","coordinates":{"x":755,"y":310}},{"value":"#BDC0BE","coordinates":{"x":366,"y":486}},{"value":"#58E54B","coordinates":{"x":690,"y":698}},{"value":"#BB290F","coordinates":{"x":843,"y":372}},{"value":"#CDB81C","coordinates":{"x":333,"y":89}},{"value":"#D5421A","coordinates":{"x":46,"y":859}},{"value":"#327836","coordinates":{"x":798,"y":498}},{"value":"#0CC64F","coordinates":{"x":666,"y":257}},{"value":"#3A6235","coordinates":{"x":97,"y":141}},{"value":"#9D1D65","coordinates":{"x":532,"y":666}},{"value":"#10FCD8","coordinates":{"x":521,"y":237}},{"value":"#A15E6C","coordinates":{"x":259,"y":739}},{"value":"#390715","coordinates":{"x":359,"y":875}},{"value":"#8B1FE1","coordinates":{"x":74,"y":317}},{"value":"#A84CC6","coordinates":{"x":892,"y":111}},{"value":"#284E79","coordinates":{"x":326,"y":920}},{"value":"#1B5C97","coordinates":{"x":664,"y":95}},{"value":"#BC83D7","coordinates":{"x":524,"y":862}},{"value":"#D052B1","coordinates":{"x":92,"y":596}},{"value":"#3D3813","coordinates":{"x":885,"y":505}},{"value":"#536D9C","coordinates":{"x":942,"y":597}},{"value":"#61AAAB","coordinates":{"x":115,"y":105}},{"value":"#EDFB83","coordinates":{"x":585,"y":458}},{"value":"#B5B9FB","coordinates":{"x":514,"y":382}},{"value":"#BFF674","coordinates":{"x":487,"y":411}},{"value":"#C6FBF6","coordinates":{"x":568,"y":883}},{"value":"#D04102","coordinates":{"x":961,"y":955}},{"value":"#59796F","coordinates":{"x":653,"y":130}},{"value":"#7C5AED","coordinates":{"x":43,"y":475}},{"value":"#DE2481","coordinates":{"x":693,"y":826}},{"value":"#D4BF26","coordinates":{"x":366,"y":455}},{"value":"#D05858","coordinates":{"x":74,"y":761}},{"value":"#29E45A","coordinates":{"x":144,"y":52}},{"value":"#7C8A75","coordinates":{"x":290,"y":797}},{"value":"#E8C069","coordinates":{"x":566,"y":810}},{"value":"#C8E140","coordinates":{"x":157,"y":997}},{"value":"#C1541A","coordinates":{"x":176,"y":871}},{"value":"#24BF65","coordinates":{"x":203,"y":517}},{"value":"#070B30","coordinates":{"x":480,"y":861}},{"value":"#DC768E","coordinates":{"x":650,"y":424}},{"value":"#22D4CA","coordinates":{"x":167,"y":659}},{"value":"#0C6922","coordinates":{"x":320,"y":851}},{"value":"#CD211C","coordinates":{"x":187,"y":833}},{"value":"#0BDE30","coordinates":{"x":849,"y":602}},{"value":"#F18483","coordinates":{"x":285,"y":190}},{"value":"#82CCEE","coordinates":{"x":461,"y":514}},{"value":"#686601","coordinates":{"x":952,"y":215}},{"value":"#860FD8","coordinates":{"x":429,"y":458}},{"value":"#AAE3F5","coordinates":{"x":674,"y":458}},{"value":"#A2EF6D","coordinates":{"x":772,"y":131}},{"value":"#7D01DE","coordinates":{"x":540,"y":995}},{"value":"#CE5257","coordinates":{"x":833,"y":648}},{"value":"#A6B34C","coordinates":{"x":603,"y":175}},{"value":"#0C506D","coordinates":{"x":864,"y":722}},{"value":"#0340A6","coordinates":{"x":49,"y":815}},{"value":"#1FF7F4","coordinates":{"x":552,"y":906}},{"value":"#DEEF76","coordinates":{"x":957,"y":631}},{"value":"#F3FDE1","coordinates":{"x":360,"y":649}},{"value":"#FB9E9B","coordinates":{"x":28,"y":802}},{"value":"#467AC6","coordinates":{"x":979,"y":647}},{"value":"#1CFD95","coordinates":{"x":363,"y":960}},{"value":"#AA3A5A","coordinates":{"x":266,"y":883}},{"value":"#DE9DCA","coordinates":{"x":658,"y":10}},{"value":"#F99A58","coordinates":{"x":814,"y":464}},{"value":"#6A578E","coordinates":{"x":571,"y":914}},{"value":"#CA4C14","coordinates":{"x":340,"y":471}},{"value":"#532FCD","coordinates":{"x":104,"y":219}},{"value":"#730835","coordinates":{"x":467,"y":582}},{"value":"#A2E379","coordinates":{"x":187,"y":19}},{"value":"#196E8B","coordinates":{"x":295,"y":786}},{"value":"#8C47C6","coordinates":{"x":497,"y":861}},{"value":"#1737E9","coordinates":{"x":427,"y":110}},{"value":"#B6B9C6","coordinates":{"x":705,"y":596}},{"value":"#D67653","coordinates":{"x":24,"y":417}},{"value":"#267D83","coordinates":{"x":129,"y":172}},{"value":"#618578","coordinates":{"x":621,"y":460}},{"value":"#CD6980","coordinates":{"x":664,"y":961}},{"value":"#83DC2D","coordinates":{"x":930,"y":110}},{"value":"#49B9D6","coordinates":{"x":964,"y":502}},{"value":"#A6864B","coordinates":{"x":661,"y":123}},{"value":"#67C8D2","coordinates":{"x":677,"y":542}},{"value":"#4EEED7","coordinates":{"x":564,"y":2}},{"value":"#DCF553","coordinates":{"x":792,"y":823}},{"value":"#DBDD25","coordinates":{"x":943,"y":508}},{"value":"#9AAD07","coordinates":{"x":235,"y":547}},{"value":"#4925BC","coordinates":{"x":209,"y":924}},{"value":"#09C921","coordinates":{"x":414,"y":551}},{"value":"#B1DA7B","coordinates":{"x":430,"y":475}},{"value":"#890722","coordinates":{"x":606,"y":135}},{"value":"#D0820F","coordinates":{"x":348,"y":914}},{"value":"#2DB21D","coordinates":{"x":152,"y":299}},{"value":"#9E3712","coordinates":{"x":546,"y":216}},{"value":"#A0C501","coordinates":{"x":339,"y":853}},{"value":"#839198","coordinates":{"x":178,"y":630}},{"value":"#2C337A","coordinates":{"x":916,"y":325}},{"value":"#EFD160","coordinates":{"x":513,"y":644}},{"value":"#53D847","coordinates":{"x":45,"y":42}},{"value":"#F61632","coordinates":{"x":951,"y":693}},{"value":"#B325C9","coordinates":{"x":215,"y":195}},{"value":"#9F3749","coordinates":{"x":518,"y":535}},{"value":"#DD825E","coordinates":{"x":417,"y":391}},{"value":"#98DEF2","coordinates":{"x":631,"y":770}},{"value":"#D8632D","coordinates":{"x":710,"y":799}},{"value":"#5DDE8A","coordinates":{"x":598,"y":897}},{"value":"#060011","coordinates":{"x":989,"y":724}},{"value":"#A7B471","coordinates":{"x":960,"y":103}},{"value":"#639393","coordinates":{"x":616,"y":510}},{"value":"#E7DE4F","coordinates":{"x":627,"y":291}},{"value":"#083C75","coordinates":{"x":449,"y":827}},{"value":"#70163E","coordinates":{"x":424,"y":690}},{"value":"#D47681","coordinates":{"x":572,"y":748}},{"value":"#73CC3E","coordinates":{"x":233,"y":14}},{"value":"#268BD1","coordinates":{"x":512,"y":593}},{"value":"#1C2B77","coordinates":{"x":747,"y":232}},{"value":"#28694B","coordinates":{"x":356,"y":298}},{"value":"#2AA95A","coordinates":{"x":382,"y":689}},{"value":"#B48469","coordinates":{"x":832,"y":782}},{"value":"#A838E8","coordinates":{"x":181,"y":716}},{"value":"#625D3D","coordinates":{"x":890,"y":320}},{"value":"#0C31A6","coordinates":{"x":53,"y":284}},{"value":"#92C13F","coordinates":{"x":513,"y":208}},{"value":"#1FAEBD","coordinates":{"x":108,"y":441}},{"value":"#BB5BE1","coordinates":{"x":993,"y":765}},{"value":"#E9E21E","coordinates":{"x":17,"y":822}},{"value":"#4FD9ED","coordinates":{"x":854,"y":849}},{"value":"#47085D","coordinates":{"x":50,"y":537}},{"value":"#9A946A","coordinates":{"x":354,"y":300}},{"value":"#B3482A","coordinates":{"x":120,"y":878}},{"value":"#4754F4","coordinates":{"x":878,"y":115}},{"value":"#A36A8A","coordinates":{"x":841,"y":254}},{"value":"#B6524F","coordinates":{"x":301,"y":948}},{"value":"#34F960","coordinates":{"x":56,"y":583}},{"value":"#2B7F4A","coordinates":{"x":441,"y":889}},{"value":"#355F02","coordinates":{"x":820,"y":821}},{"value":"#DFF6DB","coordinates":{"x":601,"y":886}},{"value":"#0D2FFD","coordinates":{"x":109,"y":949}},{"value":"#FD3E41","coordinates":{"x":373,"y":477}},{"value":"#9460B8","coordinates":{"x":22,"y":822}},{"value":"#E1C27A","coordinates":{"x":198,"y":818}},{"value":"#F5B7AD","coordinates":{"x":455,"y":992}},{"value":"#2EADB2","coordinates":{"x":982,"y":482}},{"value":"#34E26B","coordinates":{"x":12,"y":711}},{"value":"#EF3534","coordinates":{"x":94,"y":769}},{"value":"#BE763E","coordinates":{"x":422,"y":43}},{"value":"#BEBA49","coordinates":{"x":174,"y":235}},{"value":"#9CB542","coordinates":{"x":477,"y":20}},{"value":"#003008","coordinates":{"x":325,"y":329}},{"value":"#B8D569","coordinates":{"x":458,"y":895}},{"value":"#124610","coordinates":{"x":681,"y":240}},{"value":"#4BAD17","coordinates":{"x":272,"y":81}},{"value":"#42C11E","coordinates":{"x":352,"y":313}},{"value":"#82CA6E","coordinates":{"x":878,"y":432}},{"value":"#0249E8","coordinates":{"x":104,"y":514}},{"value":"#2AFDAC","coordinates":{"x":422,"y":947}},{"value":"#A9616D","coordinates":{"x":715,"y":650}},{"value":"#AEFD7A","coordinates":{"x":148,"y":1}},{"value":"#BF039E","coordinates":{"x":861,"y":949}},{"value":"#055626","coordinates":{"x":468,"y":769}},{"value":"#F1E07F","coordinates":{"x":362,"y":287}},{"value":"#64AB64","coordinates":{"x":669,"y":341}},{"value":"#268B7C","coordinates":{"x":709,"y":241}},{"value":"#9557E9","coordinates":{"x":325,"y":365}},{"value":"#70433E","coordinates":{"x":393,"y":642}},{"value":"#C14102","coordinates":{"x":155,"y":104}},{"value":"#4863CE","coordinates":{"x":186,"y":665}},{"value":"#1A2255","coordinates":{"x":306,"y":321}},{"value":"#20C8E1","coordinates":{"x":706,"y":522}},{"value":"#A14BC0","coordinates":{"x":906,"y":938}},{"value":"#37DB61","coordinates":{"x":581,"y":586}},{"value":"#97666F","coordinates":{"x":928,"y":724}},{"value":"#2E926A","coordinates":{"x":487,"y":673}},{"value":"#5C1332","coordinates":{"x":954,"y":788}},{"value":"#CE3DA1","coordinates":{"x":480,"y":236}},{"value":"#1A8026","coordinates":{"x":575,"y":437}},{"value":"#DDCD30","coordinates":{"x":956,"y":650}},{"value":"#39C6CD","coordinates":{"x":405,"y":115}},{"value":"#4E8274","coordinates":{"x":738,"y":805}},{"value":"#8D4C11","coordinates":{"x":896,"y":622}},{"value":"#03D306","coordinates":{"x":192,"y":268}},{"value":"#4ACFDA","coordinates":{"x":979,"y":730}},{"value":"#41D7AE","coordinates":{"x":107,"y":649}},{"value":"#7B0314","coordinates":{"x":969,"y":93}},{"value":"#E0C7DC","coordinates":{"x":242,"y":96}},{"value":"#1F72CF","coordinates":{"x":48,"y":396}},{"value":"#A9759E","coordinates":{"x":745,"y":218}},{"value":"#3BCE93","coordinates":{"x":586,"y":105}},{"value":"#C17FAE","coordinates":{"x":489,"y":840}},{"value":"#43F5E3","coordinates":{"x":20,"y":273}},{"value":"#EDF469","coordinates":{"x":571,"y":602}},{"value":"#5C4CA6","coordinates":{"x":449,"y":164}},{"value":"#D48ED1","coordinates":{"x":414,"y":743}},{"value":"#4DA50E","coordinates":{"x":413,"y":401}},{"value":"#C252D2","coordinates":{"x":430,"y":916}},{"value":"#5FB4C0","coordinates":{"x":838,"y":964}},{"value":"#6527B7","coordinates":{"x":232,"y":503}},{"value":"#4796DD","coordinates":{"x":238,"y":778}},{"value":"#E7D29D","coordinates":{"x":577,"y":851}},{"value":"#EF6C13","coordinates":{"x":644,"y":596}},{"value":"#26E293","coordinates":{"x":655,"y":962}},{"value":"#044C4D","coordinates":{"x":694,"y":201}},{"value":"#42BF2B","coordinates":{"x":233,"y":865}},{"value":"#1DE8D9","coordinates":{"x":127,"y":406}},{"value":"#39E342","coordinates":{"x":280,"y":181}},{"value":"#3AFD82","coordinates":{"x":315,"y":846}},{"value":"#566761","coordinates":{"x":255,"y":86}},{"value":"#6AB932","coordinates":{"x":826,"y":896}},{"value":"#85B054","coordinates":{"x":222,"y":156}},{"value":"#2C605D","coordinates":{"x":98,"y":361}},{"value":"#F2EFC5","coordinates":{"x":918,"y":822}},{"value":"#9981E9","coordinates":{"x":7,"y":258}},{"value":"#8C9D66","coordinates":{"x":104,"y":801}},{"value":"#BB5D3F","coordinates":{"x":679,"y":259}},{"value":"#4F3FD5","coordinates":{"x":851,"y":616}},{"value":"#BF54F0","coordinates":{"x":437,"y":658}},{"value":"#37F077","coordinates":{"x":365,"y":762}},{"value":"#BB7579","coordinates":{"x":872,"y":336}},{"value":"#8B69E4","coordinates":{"x":156,"y":586}},{"value":"#915AAA","coordinates":{"x":590,"y":501}},{"value":"#1B83F7","coordinates":{"x":620,"y":789}},{"value":"#549B46","coordinates":{"x":741,"y":347}},{"value":"#234057","coordinates":{"x":444,"y":527}},{"value":"#63457B","coordinates":{"x":346,"y":406}},{"value":"#CED378","coordinates":{"x":442,"y":224}},{"value":"#033011","coordinates":{"x":813,"y":198}},{"value":"#FA3CA7","coordinates":{"x":182,"y":684}},{"value":"#F79ED2","coordinates":{"x":552,"y":507}},{"value":"#0B35FF","coordinates":{"x":852,"y":387}},{"value":"#AE8724","coordinates":{"x":13,"y":417}},{"value":"#5B0820","coordinates":{"x":648,"y":456}},{"value":"#5D1C48","coordinates":{"x":853,"y":301}},{"value":"#256C6A","coordinates":{"x":573,"y":176}},{"value":"#A45258","coordinates":{"x":254,"y":850}},{"value":"#3037E3","coordinates":{"x":963,"y":174}},{"value":"#DE6C72","coordinates":{"x":384,"y":487}},{"value":"#E94DEB","coordinates":{"x":510,"y":577}},{"value":"#E48028","coordinates":{"x":515,"y":315}},{"value":"#F746E4","coordinates":{"x":738,"y":477}},{"value":"#B63EDF","coordinates":{"x":871,"y":491}},{"value":"#7C2814","coordinates":{"x":279,"y":77}},{"value":"#89A966","coordinates":{"x":654,"y":375}},{"value":"#5279D2","coordinates":{"x":167,"y":627}},{"value":"#FDA14E","coordinates":{"x":80,"y":919}},{"value":"#0A5E3D","coordinates":{"x":849,"y":402}},{"value":"#225BA5","coordinates":{"x":399,"y":518}},{"value":"#CA7115","coordinates":{"x":92,"y":66}},{"value":"#945582","coordinates":{"x":247,"y":79}},{"value":"#81A7CE","coordinates":{"x":804,"y":694}},{"value":"#A93072","coordinates":{"x":973,"y":696}},{"value":"#3476A2","coordinates":{"x":523,"y":343}},{"value":"#C415DF","coordinates":{"x":842,"y":563}},{"value":"#53FA69","coordinates":{"x":939,"y":192}},{"value":"#9D3770","coordinates":{"x":182,"y":512}},{"value":"#B91FF9","coordinates":{"x":262,"y":477}},{"value":"#AC9BFD","coordinates":{"x":131,"y":224}},{"value":"#223ED3","coordinates":{"x":786,"y":75}},{"value":"#83F491","coordinates":{"x":315,"y":115}},{"value":"#69CE8B","coordinates":{"x":671,"y":842}},{"value":"#5D9DCE","coordinates":{"x":305,"y":652}},{"value":"#C26EA6","coordinates":{"x":956,"y":86}},{"value":"#C77742","coordinates":{"x":827,"y":786}},{"value":"#2FCF9E","coordinates":{"x":612,"y":887}},{"value":"#F4DC43","coordinates":{"x":661,"y":551}},{"value":"#BB7386","coordinates":{"x":246,"y":909}},{"value":"#438E57","coordinates":{"x":774,"y":630}},{"value":"#5F85E0","coordinates":{"x":196,"y":46}},{"value":"#2FBE71","coordinates":{"x":987,"y":744}},{"value":"#2E48E1","coordinates":{"x":493,"y":621}},{"value":"#08A2EB","coordinates":{"x":645,"y":647}},{"value":"#5E586E","coordinates":{"x":627,"y":845}},{"value":"#11CEA7","coordinates":{"x":87,"y":291}},{"value":"#EBFB1F","coordinates":{"x":588,"y":283}},{"value":"#2E3827","coordinates":{"x":845,"y":207}},{"value":"#702FFA","coordinates":{"x":455,"y":834}},{"value":"#CFD13C","coordinates":{"x":555,"y":613}},{"value":"#1F10A2","coordinates":{"x":561,"y":850}},{"value":"#6E2600","coordinates":{"x":51,"y":259}},{"value":"#F96733","coordinates":{"x":389,"y":491}},{"value":"#EA8B84","coordinates":{"x":315,"y":49}},{"value":"#1272A4","coordinates":{"x":526,"y":50}},{"value":"#E2A22B","coordinates":{"x":173,"y":595}},{"value":"#BEE7E8","coordinates":{"x":996,"y":116}},{"value":"#A36507","coordinates":{"x":781,"y":426}},{"value":"#F5803D","coordinates":{"x":300,"y":842}},{"value":"#55435B","coordinates":{"x":584,"y":309}},{"value":"#2BAE56","coordinates":{"x":426,"y":748}},{"value":"#C90554","coordinates":{"x":149,"y":237}},{"value":"#E0BCC1","coordinates":{"x":333,"y":405}},{"value":"#DA2992","coordinates":{"x":553,"y":104}},{"value":"#BDDC0C","coordinates":{"x":982,"y":535}},{"value":"#4FACBF","coordinates":{"x":156,"y":1}},{"value":"#0D4BBB","coordinates":{"x":850,"y":843}},{"value":"#0DBC05","coordinates":{"x":782,"y":815}},{"value":"#620EB2","coordinates":{"x":68,"y":281}},{"value":"#893864","coordinates":{"x":681,"y":426}},{"value":"#3009C0","coordinates":{"x":138,"y":649}},{"value":"#3F1A26","coordinates":{"x":369,"y":258}},{"value":"#091BBA","coordinates":{"x":218,"y":342}},{"value":"#3B85FA","coordinates":{"x":588,"y":627}},{"value":"#DA3C39","coordinates":{"x":984,"y":768}},{"value":"#11C59E","coordinates":{"x":426,"y":407}},{"value":"#2D8516","coordinates":{"x":601,"y":433}},{"value":"#24FCFB","coordinates":{"x":532,"y":802}},{"value":"#F3FE31","coordinates":{"x":272,"y":647}},{"value":"#C41518","coordinates":{"x":538,"y":58}},{"value":"#75E169","coordinates":{"x":121,"y":373}},{"value":"#4E19FA","coordinates":{"x":752,"y":249}},{"value":"#72D41E","coordinates":{"x":365,"y":512}},{"value":"#B1DE98","coordinates":{"x":511,"y":332}},{"value":"#919D5C","coordinates":{"x":824,"y":502}},{"value":"#D1D625","coordinates":{"x":329,"y":987}},{"value":"#583FEE","coordinates":{"x":522,"y":813}},{"value":"#A53D45","coordinates":{"x":864,"y":887}},{"value":"#67ED9A","coordinates":{"x":474,"y":0}},{"value":"#6D63BE","coordinates":{"x":759,"y":876}},{"value":"#E97BC9","coordinates":{"x":267,"y":511}},{"value":"#81D17F","coordinates":{"x":487,"y":489}},{"value":"#538F65","coordinates":{"x":583,"y":25}},{"value":"#E8CFF9","coordinates":{"x":391,"y":118}},{"value":"#5B0C7B","coordinates":{"x":708,"y":929}},{"value":"#46D86B","coordinates":{"x":222,"y":420}},{"value":"#73F74D","coordinates":{"x":810,"y":493}},{"value":"#60446E","coordinates":{"x":62,"y":843}},{"value":"#8A5F62","coordinates":{"x":106,"y":226}},{"value":"#8DD326","coordinates":{"x":92,"y":610}},{"value":"#4C7338","coordinates":{"x":976,"y":675}},{"value":"#E3F098","coordinates":{"x":516,"y":495}},{"value":"#2BCECB","coordinates":{"x":480,"y":100}},{"value":"#F9F0FE","coordinates":{"x":184,"y":346}},{"value":"#6EDA04","coordinates":{"x":605,"y":506}},{"value":"#B3C1CC","coordinates":{"x":992,"y":149}},{"value":"#EF9FF4","coordinates":{"x":127,"y":235}},{"value":"#71D5CA","coordinates":{"x":346,"y":655}},{"value":"#A8A074","coordinates":{"x":129,"y":44}},{"value":"#C24255","coordinates":{"x":822,"y":543}},{"value":"#0C3DAF","coordinates":{"x":696,"y":31}},{"value":"#6379E0","coordinates":{"x":117,"y":531}},{"value":"#102D18","coordinates":{"x":184,"y":577}},{"value":"#007302","coordinates":{"x":298,"y":215}},{"value":"#A13BF7","coordinates":{"x":876,"y":369}},{"value":"#ACAB98","coordinates":{"x":245,"y":840}},{"value":"#638F33","coordinates":{"x":66,"y":541}},{"value":"#B164D8","coordinates":{"x":870,"y":978}},{"value":"#C17432","coordinates":{"x":639,"y":79}},{"value":"#289C49","coordinates":{"x":543,"y":498}},{"value":"#E013A8","coordinates":{"x":11,"y":132}},{"value":"#91EA4F","coordinates":{"x":635,"y":699}},{"value":"#11201F","coordinates":{"x":725,"y":838}},{"value":"#188A87","coordinates":{"x":448,"y":922}},{"value":"#011423","coordinates":{"x":564,"y":414}},{"value":"#265147","coordinates":{"x":320,"y":966}},{"value":"#8B58AB","coordinates":{"x":877,"y":635}},{"value":"#AAF9B8","coordinates":{"x":756,"y":395}},{"value":"#FA3123","coordinates":{"x":832,"y":225}},{"value":"#632D9E","coordinates":{"x":490,"y":986}},{"value":"#109ACA","coordinates":{"x":828,"y":532}},{"value":"#17A5B3","coordinates":{"x":193,"y":686}},{"value":"#C17074","coordinates":{"x":764,"y":743}},{"value":"#1A50C4","coordinates":{"x":175,"y":611}},{"value":"#0F571A","coordinates":{"x":733,"y":133}},{"value":"#8032A4","coordinates":{"x":163,"y":770}},{"value":"#0D4B4C","coordinates":{"x":809,"y":488}},{"value":"#8CCA3C","coordinates":{"x":459,"y":609}},{"value":"#D35935","coordinates":{"x":325,"y":163}},{"value":"#977AF7","coordinates":{"x":462,"y":781}},{"value":"#80CD31","coordinates":{"x":816,"y":915}},{"value":"#6F9813","coordinates":{"x":652,"y":673}},{"value":"#877807","coordinates":{"x":2,"y":471}},{"value":"#B4EB65","coordinates":{"x":879,"y":198}},{"value":"#E53374","coordinates":{"x":28,"y":612}},{"value":"#B797B2","coordinates":{"x":784,"y":905}},{"value":"#F1921A","coordinates":{"x":398,"y":60}},{"value":"#4253B9","coordinates":{"x":54,"y":983}},{"value":"#10AE04","coordinates":{"x":252,"y":653}},{"value":"#A65486","coordinates":{"x":175,"y":621}},{"value":"#3C2661","coordinates":{"x":700,"y":576}},{"value":"#826D26","coordinates":{"x":646,"y":633}},{"value":"#E03915","coordinates":{"x":23,"y":813}},{"value":"#7B4145","coordinates":{"x":731,"y":88}},{"value":"#DD3A32","coordinates":{"x":294,"y":491}},{"value":"#6FEE6B","coordinates":{"x":283,"y":836}},{"value":"#A2A764","coordinates":{"x":648,"y":514}},{"value":"#4153D3","coordinates":{"x":996,"y":796}},{"value":"#3728A7","coordinates":{"x":389,"y":433}},{"value":"#433EE5","coordinates":{"x":240,"y":729}},{"value":"#015AA4","coordinates":{"x":245,"y":79}},{"value":"#F604AD","coordinates":{"x":275,"y":176}},{"value":"#B9BF47","coordinates":{"x":889,"y":831}},{"value":"#BE8F19","coordinates":{"x":365,"y":139}},{"value":"#EB1BBA","coordinates":{"x":809,"y":692}},{"value":"#1CDC46","coordinates":{"x":46,"y":566}},{"value":"#7A8E83","coordinates":{"x":873,"y":367}},{"value":"#C6106A","coordinates":{"x":349,"y":23}},{"value":"#EBB22F","coordinates":{"x":673,"y":689}},{"value":"#F867D8","coordinates":{"x":346,"y":452}},{"value":"#F98ADC","coordinates":{"x":290,"y":33}},{"value":"#880966","coordinates":{"x":795,"y":890}},{"value":"#C1A8A5","coordinates":{"x":358,"y":247}},{"value":"#3A5EBB","coordinates":{"x":33,"y":462}},{"value":"#76A539","coordinates":{"x":316,"y":708}},{"value":"#BAC380","coordinates":{"x":468,"y":536}},{"value":"#0176B3","coordinates":{"x":552,"y":879}},{"value":"#E45C0C","coordinates":{"x":923,"y":835}},{"value":"#0D4BCA","coordinates":{"x":798,"y":1}},{"value":"#46036A","coordinates":{"x":431,"y":877}},{"value":"#EF9A02","coordinates":{"x":420,"y":290}},{"value":"#8E81BB","coordinates":{"x":643,"y":897}},{"value":"#227A37","coordinates":{"x":332,"y":738}},{"value":"#A70808","coordinates":{"x":935,"y":453}},{"value":"#197AF7","coordinates":{"x":654,"y":341}},{"value":"#B0D78F","coordinates":{"x":517,"y":940}},{"value":"#F81D36","coordinates":{"x":810,"y":308}},{"value":"#9D538E","coordinates":{"x":869,"y":741}},{"value":"#7A2C36","coordinates":{"x":750,"y":50}},{"value":"#CAAE73","coordinates":{"x":29,"y":431}},{"value":"#5ED528","coordinates":{"x":2,"y":108}},{"value":"#6601A0","coordinates":{"x":874,"y":20}},{"value":"#886F9D","coordinates":{"x":974,"y":700}},{"value":"#FF3C20","coordinates":{"x":215,"y":593}},{"value":"#27637E","coordinates":{"x":581,"y":725}},{"value":"#55675C","coordinates":{"x":801,"y":827}},{"value":"#1E7144","coordinates":{"x":941,"y":216}},{"value":"#B98315","coordinates":{"x":608,"y":112}},{"value":"#F35B1E","coordinates":{"x":579,"y":669}},{"value":"#73B8C0","coordinates":{"x":287,"y":545}},{"value":"#9EFA5D","coordinates":{"x":629,"y":219}},{"value":"#DE9050","coordinates":{"x":311,"y":607}},{"value":"#D32BFF","coordinates":{"x":428,"y":486}},{"value":"#502CD3","coordinates":{"x":620,"y":400}},{"value":"#53C9F3","coordinates":{"x":52,"y":123}},{"value":"#EC37EB","coordinates":{"x":93,"y":96}},{"value":"#376663","coordinates":{"x":872,"y":269}},{"value":"#28440C","coordinates":{"x":66,"y":910}},{"value":"#83DBF2","coordinates":{"x":105,"y":805}},{"value":"#898EB0","coordinates":{"x":449,"y":287}},{"value":"#F39160","coordinates":{"x":989,"y":473}},{"value":"#2DEF5E","coordinates":{"x":186,"y":431}},{"value":"#09E070","coordinates":{"x":811,"y":219}},{"value":"#A5D96A","coordinates":{"x":459,"y":82}},{"value":"#E422DF","coordinates":{"x":565,"y":914}},{"value":"#3E3B15","coordinates":{"x":456,"y":308}},{"value":"#2F2914","coordinates":{"x":378,"y":59}},{"value":"#98D65B","coordinates":{"x":917,"y":911}},{"value":"#010DA1","coordinates":{"x":931,"y":116}},{"value":"#E5043E","coordinates":{"x":665,"y":694}},{"value":"#839AF9","coordinates":{"x":257,"y":425}},{"value":"#E6EB0A","coordinates":{"x":122,"y":140}},{"value":"#5B2D9A","coordinates":{"x":113,"y":308}},{"value":"#BFC9FC","coordinates":{"x":498,"y":226}},{"value":"#07DE84","coordinates":{"x":302,"y":993}},{"value":"#D7254C","coordinates":{"x":961,"y":386}},{"value":"#4C0E6D","coordinates":{"x":615,"y":385}},{"value":"#51B178","coordinates":{"x":267,"y":142}},{"value":"#6E1162","coordinates":{"x":11,"y":461}},{"value":"#D96416","coordinates":{"x":129,"y":56}},{"value":"#1A4012","coordinates":{"x":82,"y":648}},{"value":"#3D65FA","coordinates":{"x":790,"y":502}},{"value":"#E6869B","coordinates":{"x":3,"y":554}},{"value":"#EEE759","coordinates":{"x":343,"y":353}},{"value":"#8B5CFD","coordinates":{"x":986,"y":871}},{"value":"#DEF388","coordinates":{"x":477,"y":879}},{"value":"#1C8370","coordinates":{"x":401,"y":778}},{"value":"#0143EB","coordinates":{"x":593,"y":276}},{"value":"#97BB3F","coordinates":{"x":332,"y":557}},{"value":"#10AEE1","coordinates":{"x":345,"y":931}},{"value":"#450F08","coordinates":{"x":899,"y":532}},{"value":"#88A082","coordinates":{"x":189,"y":637}},{"value":"#F04D86","coordinates":{"x":128,"y":816}},{"value":"#F78B84","coordinates":{"x":121,"y":457}},{"value":"#1CDEA8","coordinates":{"x":880,"y":874}},{"value":"#8B135E","coordinates":{"x":419,"y":444}},{"value":"#A9B3FC","coordinates":{"x":919,"y":98}},{"value":"#C98309","coordinates":{"x":538,"y":699}},{"value":"#824E31","coordinates":{"x":718,"y":24}},{"value":"#9560F3","coordinates":{"x":736,"y":521}},{"value":"#28D555","coordinates":{"x":420,"y":540}},{"value":"#F8FE34","coordinates":{"x":848,"y":339}},{"value":"#4DBE1B","coordinates":{"x":159,"y":572}},{"value":"#60230A","coordinates":{"x":256,"y":385}},{"value":"#FFC1BC","coordinates":{"x":279,"y":484}},{"value":"#54C0F5","coordinates":{"x":690,"y":206}},{"value":"#88816F","coordinates":{"x":129,"y":937}},{"value":"#123581","coordinates":{"x":341,"y":989}},{"value":"#DE8AA7","coordinates":{"x":962,"y":74}},{"value":"#13F4EC","coordinates":{"x":352,"y":364}},{"value":"#E96EAA","coordinates":{"x":402,"y":688}},{"value":"#C779B2","coordinates":{"x":1,"y":290}},{"value":"#3A8C38","coordinates":{"x":556,"y":40}},{"value":"#EC6261","coordinates":{"x":835,"y":939}},{"value":"#63036D","coordinates":{"x":18,"y":29}},{"value":"#A1A3AA","coordinates":{"x":596,"y":346}},{"value":"#5D7740","coordinates":{"x":526,"y":218}},{"value":"#55A600","coordinates":{"x":88,"y":257}},{"value":"#E5EB86","coordinates":{"x":67,"y":462}},{"value":"#6DEC17","coordinates":{"x":614,"y":51}},{"value":"#89DB2B","coordinates":{"x":586,"y":390}},{"value":"#80A6B2","coordinates":{"x":923,"y":122}},{"value":"#44349E","coordinates":{"x":892,"y":791}},{"value":"#4361A4","coordinates":{"x":97,"y":158}},{"value":"#5EE82B","coordinates":{"x":676,"y":469}},{"value":"#BFF8ED","coordinates":{"x":715,"y":783}},{"value":"#A3199F","coordinates":{"x":295,"y":754}},{"value":"#EFBAFF","coordinates":{"x":389,"y":191}},{"value":"#15EE91","coordinates":{"x":392,"y":611}},{"value":"#28759D","coordinates":{"x":669,"y":47}},{"value":"#5F62BF","coordinates":{"x":668,"y":501}},{"value":"#B2A986","coordinates":{"x":316,"y":815}},{"value":"#EE0326","coordinates":{"x":560,"y":589}},{"value":"#ED46B5","coordinates":{"x":648,"y":515}},{"value":"#239D25","coordinates":{"x":877,"y":556}},{"value":"#EB3FDA","coordinates":{"x":851,"y":932}},{"value":"#85FDE7","coordinates":{"x":14,"y":607}},{"value":"#E560CB","coordinates":{"x":858,"y":431}},{"value":"#BC1426","coordinates":{"x":30,"y":195}},{"value":"#8A11C0","coordinates":{"x":593,"y":242}},{"value":"#E3AB6C","coordinates":{"x":571,"y":39}},{"value":"#566387","coordinates":{"x":686,"y":324}},{"value":"#49C969","coordinates":{"x":553,"y":655}},{"value":"#53CB33","coordinates":{"x":365,"y":678}},{"value":"#8C29CF","coordinates":{"x":744,"y":622}},{"value":"#68EB0A","coordinates":{"x":700,"y":673}},{"value":"#EEA914","coordinates":{"x":770,"y":959}},{"value":"#157962","coordinates":{"x":144,"y":575}},{"value":"#93CE43","coordinates":{"x":170,"y":553}},{"value":"#CEED1F","coordinates":{"x":635,"y":452}},{"value":"#3158DA","coordinates":{"x":68,"y":405}},{"value":"#9FB87D","coordinates":{"x":521,"y":538}},{"value":"#982BD4","coordinates":{"x":589,"y":971}}]}